{
  "attributes": {
    "twx-widget": "",
    "widget-id": "view-1",
    "widget-name": "view-1",
    "is-widget-container": "true",
    "viewtype": "ar"
  },
  "children": [
    {
      "name": "twx-container-content",
      "children": [
        {
          "attributes": {
            "twx-widget": "",
            "widget-id": "3DContainer-1",
            "widget-name": "3D Container",
            "is-widget-container": "true",
            "enabletrackingevents": "true"
          },
          "name": "twx-dt-view",
          "children": [
            {
              "name": "twx-container-content",
              "children": [
                {
                  "attributes": {
                    "twx-widget": "",
                    "widget-id": "model-1",
                    "widget-name": "model-1",
                    "is-widget-container": "true",
                    "x": "0.3455",
                    "y": "0.0000",
                    "z": "0.0414",
                    "opacity": "0.25"
                  },
                  "name": "twx-dt-model",
                  "children": [
                    {
                      "name": "twx-container-content"
                    }
                  ]
                },
                {
                  "attributes": {
                    "twx-widget": "",
                    "widget-id": "workOrdersCoe-1",
                    "widget-name": "workOrdersCoe-1"
                  },
                  "name": "twx-workorderscoe",
                  "children": [
                    {
                      "attributes": {
                        "databind-id": "db-1704239733153",
                        "source-type": "data",
                        "source-name": "vin",
                        "source-item-type": "value",
                        "source-item-name": "vin",
                        "binding-type": "custom_field",
                        "from-expression": "app.params['vin']",
                        "to-property": "heroid"
                      },
                      "name": "twx-databind"
                    },
                    {
                      "attributes": {
                        "eventbind-id": "eb-1704243585625",
                        "source-type": "widget",
                        "source-label": "WorkOrders COE",
                        "source-name": "workOrdersCoe-1",
                        "source-event": "herodatareturned",
                        "handler-namespace": "app",
                        "handler-name": "fn",
                        "handler-service": "navigate",
                        "handler-path": "app-fn-navigate"
                      },
                      "name": "twx-eventbind",
                      "children": [
                        {
                          "attributes": {
                            "name": "viewname",
                            "value": "VIN_OCTO"
                          },
                          "name": "twx-event-data"
                        }
                      ]
                    },
                    {
                      "attributes": {
                        "eventbind-id": "eb-1704297016248",
                        "source-type": "widget",
                        "source-label": "WorkOrders COE",
                        "source-name": "workOrdersCoe-1",
                        "source-event": "failure",
                        "handler-type": "ui",
                        "handler-name": "popupFailure",
                        "handler-service": "showpopup",
                        "handler-path": "app.view[\"Home\"].wdg[\"popupFailure\"].svc.showpopup"
                      },
                      "name": "twx-eventbind"
                    }
                  ]
                }
              ]
            }
          ]
        },
        {
          "attributes": {
            "twx-widget": "",
            "widget-id": "2DOverlay-1",
            "widget-name": "2D Overlay",
            "is-widget-container": "true"
          },
          "name": "twx-overlay",
          "children": [
            {
              "name": "twx-container-content",
              "children": [
                {
                  "attributes": {
                    "twx-widget": "",
                    "widget-id": "2DOverlayBody-1",
                    "widget-name": "2D Body",
                    "is-widget-container": "true"
                  },
                  "name": "twx-overlay-body",
                  "children": [
                    {
                      "name": "twx-container-content",
                      "children": [
                        {
                          "attributes": {
                            "twx-widget": "",
                            "widget-id": "panel-3",
                            "widget-name": "Center Panel",
                            "is-widget-container": "true",
                            "position": "center",
                            "class": "clicktoscan_img"
                          },
                          "name": "twx-overlay-container",
                          "children": [
                            {
                              "name": "twx-container-content",
                              "children": [
                                {
                                  "attributes": {
                                    "twx-widget": "",
                                    "widget-id": "popupFailure",
                                    "widget-name": "popupFailure",
                                    "is-widget-container": "true",
                                    "class": "InfoPanel"
                                  },
                                  "name": "twx-popup",
                                  "children": [
                                    {
                                      "name": "twx-container-content",
                                      "children": [
                                        {
                                          "attributes": {
                                            "twx-widget": "",
                                            "widget-id": "gridLayout-1",
                                            "widget-name": "gridLayout-1",
                                            "is-widget-container": "true"
                                          },
                                          "name": "twx-gridlayout",
                                          "children": [
                                            {
                                              "name": "twx-container-content",
                                              "children": [
                                                {
                                                  "attributes": {
                                                    "twx-widget": "",
                                                    "widget-id": "row-1",
                                                    "widget-name": "row-1",
                                                    "is-widget-container": "true"
                                                  },
                                                  "name": "twx-row",
                                                  "children": [
                                                    {
                                                      "name": "twx-container-content",
                                                      "children": [
                                                        {
                                                          "attributes": {
                                                            "twx-widget": "",
                                                            "widget-id": "column-1",
                                                            "widget-name": "column-1",
                                                            "is-widget-container": "true"
                                                          },
                                                          "name": "twx-col",
                                                          "children": [
                                                            {
                                                              "name": "twx-container-content",
                                                              "children": [
                                                                {
                                                                  "attributes": {
                                                                    "twx-widget": "",
                                                                    "widget-id": "label-1",
                                                                    "state-format-value": "text",
                                                                    "widget-name": "label-1",
                                                                    "text": "Information"
                                                                  },
                                                                  "name": "twx-label"
                                                                }
                                                              ]
                                                            }
                                                          ]
                                                        }
                                                      ]
                                                    }
                                                  ]
                                                },
                                                {
                                                  "attributes": {
                                                    "twx-widget": "",
                                                    "widget-id": "row-2",
                                                    "widget-name": "row-2",
                                                    "is-widget-container": "true"
                                                  },
                                                  "name": "twx-row",
                                                  "children": [
                                                    {
                                                      "name": "twx-container-content",
                                                      "children": [
                                                        {
                                                          "attributes": {
                                                            "twx-widget": "",
                                                            "widget-id": "column-2",
                                                            "widget-name": "column-2",
                                                            "is-widget-container": "true"
                                                          },
                                                          "name": "twx-col",
                                                          "children": [
                                                            {
                                                              "name": "twx-container-content",
                                                              "children": [
                                                                {
                                                                  "attributes": {
                                                                    "twx-widget": "",
                                                                    "widget-id": "label-2",
                                                                    "state-format-value": "text",
                                                                    "widget-name": "label-2",
                                                                    "text": "Service Failure"
                                                                  },
                                                                  "name": "twx-label"
                                                                }
                                                              ]
                                                            }
                                                          ]
                                                        }
                                                      ]
                                                    }
                                                  ]
                                                },
                                                {
                                                  "attributes": {
                                                    "twx-widget": "",
                                                    "widget-id": "row-3",
                                                    "widget-name": "row-3",
                                                    "is-widget-container": "true"
                                                  },
                                                  "name": "twx-row",
                                                  "children": [
                                                    {
                                                      "name": "twx-container-content",
                                                      "children": [
                                                        {
                                                          "attributes": {
                                                            "twx-widget": "",
                                                            "widget-id": "column-3",
                                                            "widget-name": "column-3",
                                                            "is-widget-container": "true"
                                                          },
                                                          "name": "twx-col",
                                                          "children": [
                                                            {
                                                              "name": "twx-container-content",
                                                              "children": [
                                                                {
                                                                  "attributes": {
                                                                    "twx-widget": "",
                                                                    "widget-id": "label-3",
                                                                    "state-format-value": "text",
                                                                    "widget-name": "label-3",
                                                                    "text": "Check Server is up and running!"
                                                                  },
                                                                  "name": "twx-label"
                                                                }
                                                              ]
                                                            }
                                                          ]
                                                        }
                                                      ]
                                                    }
                                                  ]
                                                },
                                                {
                                                  "attributes": {
                                                    "twx-widget": "",
                                                    "widget-id": "row-4",
                                                    "widget-name": "row-4",
                                                    "is-widget-container": "true"
                                                  },
                                                  "name": "twx-row",
                                                  "children": [
                                                    {
                                                      "name": "twx-container-content",
                                                      "children": [
                                                        {
                                                          "attributes": {
                                                            "twx-widget": "",
                                                            "widget-id": "column-4",
                                                            "widget-name": "column-4",
                                                            "is-widget-container": "true"
                                                          },
                                                          "name": "twx-col",
                                                          "children": [
                                                            {
                                                              "name": "twx-container-content",
                                                              "children": [
                                                                {
                                                                  "attributes": {
                                                                    "twx-widget": "",
                                                                    "widget-id": "textArea-1",
                                                                    "widget-name": "textArea-1"
                                                                  },
                                                                  "name": "twx-textarea",
                                                                  "children": [
                                                                    {
                                                                      "attributes": {
                                                                        "databind-id": "db-1704297078942",
                                                                        "source-type": "ui",
                                                                        "source-label": "WorkOrders COE",
                                                                        "source-name": "workOrdersCoe-1",
                                                                        "source-item-type": "property",
                                                                        "source-item-name": "message",
                                                                        "binding-type": "widget_property",
                                                                        "from-expression": "app.view['Home'].wdg['workOrdersCoe-1']['message']",
                                                                        "to-property": "text"
                                                                      },
                                                                      "name": "twx-databind"
                                                                    }
                                                                  ]
                                                                }
                                                              ]
                                                            }
                                                          ]
                                                        },
                                                        {
                                                          "attributes": {
                                                            "twx-widget": "",
                                                            "widget-id": "column-6",
                                                            "widget-name": "column-6",
                                                            "is-widget-container": "true",
                                                            "alignment": "flex-end"
                                                          },
                                                          "name": "twx-col",
                                                          "children": [
                                                            {
                                                              "name": "twx-container-content",
                                                              "children": [
                                                                {
                                                                  "attributes": {
                                                                    "twx-widget": "",
                                                                    "widget-id": "button-1",
                                                                    "widget-name": "button-1",
                                                                    "text": "Close"
                                                                  },
                                                                  "name": "twx-button",
                                                                  "children": [
                                                                    {
                                                                      "attributes": {
                                                                        "eventbind-id": "eb-1683294954688",
                                                                        "source-type": "widget",
                                                                        "source-label": "Button",
                                                                        "source-name": "button-1",
                                                                        "source-event": "click",
                                                                        "handler-type": "ui",
                                                                        "handler-name": "popupFailure",
                                                                        "handler-service": "hidepopup",
                                                                        "handler-path": "app.view[\"Home\"].wdg[\"popupFailure\"].svc.hidepopup"
                                                                      },
                                                                      "name": "twx-eventbind"
                                                                    }
                                                                  ]
                                                                }
                                                              ]
                                                            }
                                                          ]
                                                        }
                                                      ]
                                                    }
                                                  ]
                                                }
                                              ]
                                            }
                                          ]
                                        }
                                      ]
                                    }
                                  ]
                                },
                                {
                                  "attributes": {
                                    "twx-widget": "",
                                    "widget-id": "scanVIN",
                                    "widget-name": "scanVIN",
                                    "text": "Point camera at code"
                                  },
                                  "name": "twx-barcode-scanner",
                                  "children": [
                                    {
                                      "attributes": {
                                        "eventbind-id": "eb-1704231222066",
                                        "source-type": "widget",
                                        "source-label": "Scan",
                                        "source-name": "scanVIN",
                                        "source-event": "valueacquired",
                                        "handler-type": "ui",
                                        "handler-name": "workOrdersCoe-1",
                                        "handler-service": "getherodata",
                                        "handler-path": "app.view[\"Home\"].wdg[\"workOrdersCoe-1\"].svc.getherodata"
                                      },
                                      "name": "twx-eventbind"
                                    }
                                  ]
                                },
                                {
                                  "attributes": {
                                    "twx-widget": "",
                                    "widget-id": "gridLayout-2",
                                    "widget-name": "gridLayout-2",
                                    "is-widget-container": "true",
                                    "class": "InfoPanel"
                                  },
                                  "name": "twx-gridlayout",
                                  "children": [
                                    {
                                      "name": "twx-container-content",
                                      "children": [
                                        {
                                          "attributes": {
                                            "twx-widget": "",
                                            "widget-id": "row-5",
                                            "widget-name": "row-5",
                                            "is-widget-container": "true"
                                          },
                                          "name": "twx-row",
                                          "children": [
                                            {
                                              "name": "twx-container-content",
                                              "children": [
                                                {
                                                  "attributes": {
                                                    "twx-widget": "",
                                                    "widget-id": "column-7",
                                                    "widget-name": "column-7",
                                                    "is-widget-container": "true"
                                                  },
                                                  "name": "twx-col",
                                                  "children": [
                                                    {
                                                      "name": "twx-container-content",
                                                      "children": [
                                                        {
                                                          "attributes": {
                                                            "twx-widget": "",
                                                            "widget-id": "button-3",
                                                            "widget-name": "button-3",
                                                            "text": "Codes"
                                                          },
                                                          "name": "twx-button",
                                                          "children": [
                                                            {
                                                              "attributes": {
                                                                "eventbind-id": "eb-1703777744891",
                                                                "source-type": "widget",
                                                                "source-label": "Button",
                                                                "source-name": "button-3",
                                                                "source-event": "click",
                                                                "handler-type": "ui",
                                                                "handler-name": "popupCodes",
                                                                "handler-service": "showpopup",
                                                                "handler-path": "app.view[\"Home\"].wdg[\"popupCodes\"].svc.showpopup"
                                                              },
                                                              "name": "twx-eventbind"
                                                            }
                                                          ]
                                                        }
                                                      ]
                                                    }
                                                  ]
                                                },
                                                {
                                                  "attributes": {
                                                    "twx-widget": "",
                                                    "widget-id": "column-9",
                                                    "widget-name": "column-9",
                                                    "is-widget-container": "true"
                                                  },
                                                  "name": "twx-col",
                                                  "children": [
                                                    {
                                                      "name": "twx-container-content"
                                                    }
                                                  ]
                                                },
                                                {
                                                  "attributes": {
                                                    "twx-widget": "",
                                                    "widget-id": "column-10",
                                                    "widget-name": "column-10",
                                                    "is-widget-container": "true"
                                                  },
                                                  "name": "twx-col",
                                                  "children": [
                                                    {
                                                      "name": "twx-container-content"
                                                    }
                                                  ]
                                                }
                                              ]
                                            }
                                          ]
                                        },
                                        {
                                          "attributes": {
                                            "twx-widget": "",
                                            "widget-id": "row-6",
                                            "widget-name": "row-6",
                                            "is-widget-container": "true"
                                          },
                                          "name": "twx-row",
                                          "children": [
                                            {
                                              "name": "twx-container-content",
                                              "children": [
                                                {
                                                  "attributes": {
                                                    "twx-widget": "",
                                                    "widget-id": "column-8",
                                                    "widget-name": "column-8",
                                                    "is-widget-container": "true"
                                                  },
                                                  "name": "twx-col",
                                                  "children": [
                                                    {
                                                      "name": "twx-container-content",
                                                      "children": [
                                                        {
                                                          "attributes": {
                                                            "twx-widget": "",
                                                            "widget-id": "imageClickToStart",
                                                            "image-align": "center",
                                                            "widget-name": "imageClickToStart",
                                                            "class": "img",
                                                            "imgsrc": "Uploaded/click_to_scan.png",
                                                            "width": "150%"
                                                          },
                                                          "name": "twx-image2",
                                                          "children": [
                                                            {
                                                              "attributes": {
                                                                "eventbind-id": "eb-1683294714640",
                                                                "source-type": "widget",
                                                                "source-label": "Image",
                                                                "source-name": "imageClickToStart",
                                                                "source-event": "click",
                                                                "handler-type": "ui",
                                                                "handler-name": "scanVIN",
                                                                "handler-service": "startScan",
                                                                "handler-path": "app.view[\"Home\"].wdg[\"scanVIN\"].svc.startScan"
                                                              },
                                                              "name": "twx-eventbind"
                                                            }
                                                          ]
                                                        },
                                                        {
                                                          "attributes": {
                                                            "twx-widget": "",
                                                            "widget-id": "popupCodes",
                                                            "widget-name": "popupCodes",
                                                            "is-widget-container": "true",
                                                            "class": "",
                                                            "centered": "false",
                                                            "top": "60px",
                                                            "right": "5px"
                                                          },
                                                          "name": "twx-popup",
                                                          "children": [
                                                            {
                                                              "name": "twx-container-content",
                                                              "children": [
                                                                {
                                                                  "attributes": {
                                                                    "twx-widget": "",
                                                                    "widget-id": "gridLayout-3",
                                                                    "widget-name": "gridLayout-3",
                                                                    "is-widget-container": "true",
                                                                    "class": "InfoPanel"
                                                                  },
                                                                  "name": "twx-gridlayout",
                                                                  "children": [
                                                                    {
                                                                      "name": "twx-container-content",
                                                                      "children": [
                                                                        {
                                                                          "attributes": {
                                                                            "twx-widget": "",
                                                                            "widget-id": "row-7",
                                                                            "widget-name": "row-7",
                                                                            "is-widget-container": "true"
                                                                          },
                                                                          "name": "twx-row",
                                                                          "children": [
                                                                            {
                                                                              "name": "twx-container-content",
                                                                              "children": [
                                                                                {
                                                                                  "attributes": {
                                                                                    "twx-widget": "",
                                                                                    "widget-id": "column-11",
                                                                                    "widget-name": "column-11",
                                                                                    "is-widget-container": "true"
                                                                                  },
                                                                                  "name": "twx-col",
                                                                                  "children": [
                                                                                    {
                                                                                      "name": "twx-container-content",
                                                                                      "children": [
                                                                                        {
                                                                                          "attributes": {
                                                                                            "twx-widget": "",
                                                                                            "widget-id": "button-5",
                                                                                            "widget-name": "button-5",
                                                                                            "click-expression": "setVin('12345678910111213');",
                                                                                            "text": "F150"
                                                                                          },
                                                                                          "name": "twx-button"
                                                                                        }
                                                                                      ]
                                                                                    }
                                                                                  ]
                                                                                },
                                                                                {
                                                                                  "attributes": {
                                                                                    "twx-widget": "",
                                                                                    "widget-id": "column-12",
                                                                                    "widget-name": "column-12",
                                                                                    "is-widget-container": "true"
                                                                                  },
                                                                                  "name": "twx-col",
                                                                                  "children": [
                                                                                    {
                                                                                      "name": "twx-container-content",
                                                                                      "children": [
                                                                                        {
                                                                                          "attributes": {
                                                                                            "twx-widget": "",
                                                                                            "widget-id": "button-6",
                                                                                            "widget-name": "button-6",
                                                                                            "click-expression": "setVin('123456789');",
                                                                                            "text": "CRV"
                                                                                          },
                                                                                          "name": "twx-button"
                                                                                        }
                                                                                      ]
                                                                                    }
                                                                                  ]
                                                                                },
                                                                                {
                                                                                  "attributes": {
                                                                                    "twx-widget": "",
                                                                                    "widget-id": "column-13",
                                                                                    "widget-name": "column-13",
                                                                                    "is-widget-container": "true"
                                                                                  },
                                                                                  "name": "twx-col",
                                                                                  "children": [
                                                                                    {
                                                                                      "name": "twx-container-content",
                                                                                      "children": [
                                                                                        {
                                                                                          "attributes": {
                                                                                            "twx-widget": "",
                                                                                            "widget-id": "button-7",
                                                                                            "widget-name": "button-7",
                                                                                            "click-expression": "setVin('00012345678910333');",
                                                                                            "text": "Polaris"
                                                                                          },
                                                                                          "name": "twx-button"
                                                                                        }
                                                                                      ]
                                                                                    }
                                                                                  ]
                                                                                },
                                                                                {
                                                                                  "attributes": {
                                                                                    "twx-widget": "",
                                                                                    "widget-id": "column-14",
                                                                                    "widget-name": "column-14",
                                                                                    "is-widget-container": "true",
                                                                                    "alignment": "flex-end"
                                                                                  },
                                                                                  "name": "twx-col",
                                                                                  "children": [
                                                                                    {
                                                                                      "name": "twx-container-content",
                                                                                      "children": [
                                                                                        {
                                                                                          "attributes": {
                                                                                            "twx-widget": "",
                                                                                            "widget-id": "button-4",
                                                                                            "widget-name": "button-4",
                                                                                            "text": "Close"
                                                                                          },
                                                                                          "name": "twx-button",
                                                                                          "children": [
                                                                                            {
                                                                                              "attributes": {
                                                                                                "eventbind-id": "eb-1703777735989",
                                                                                                "source-type": "widget",
                                                                                                "source-label": "Button",
                                                                                                "source-name": "button-4",
                                                                                                "source-event": "click",
                                                                                                "handler-type": "ui",
                                                                                                "handler-name": "popupCodes",
                                                                                                "handler-service": "hidepopup",
                                                                                                "handler-path": "app.view[\"Home\"].wdg[\"popupCodes\"].svc.hidepopup"
                                                                                              },
                                                                                              "name": "twx-eventbind"
                                                                                            }
                                                                                          ]
                                                                                        }
                                                                                      ]
                                                                                    }
                                                                                  ]
                                                                                }
                                                                              ]
                                                                            }
                                                                          ]
                                                                        }
                                                                      ]
                                                                    }
                                                                  ]
                                                                }
                                                              ]
                                                            }
                                                          ]
                                                        }
                                                      ]
                                                    }
                                                  ]
                                                }
                                              ]
                                            }
                                          ]
                                        }
                                      ]
                                    }
                                  ]
                                }
                              ]
                            }
                          ]
                        }
                      ]
                    }
                  ]
                }
              ]
            }
          ]
        }
      ]
    },
    {
      "name": "twx-view-data"
    }
  ],
  "name": "twx-view"
}
