{
  "attributes": {
    "twx-widget": "",
    "widget-id": "view-1",
    "widget-name": "view-1",
    "is-widget-container": "true",
    "viewtype": "ar"
  },
  "children": [
    {
      "name": "twx-container-content",
      "children": [
        {
          "attributes": {
            "twx-widget": "",
            "widget-id": "3DContainer-1",
            "widget-name": "3D Container",
            "is-widget-container": "true",
            "enabletrackingevents": "true"
          },
          "name": "twx-dt-view",
          "children": [
            {
              "name": "twx-container-content",
              "children": [
                {
                  "attributes": {
                    "twx-widget": "",
                    "widget-id": "model-vin",
                    "widget-name": "model-vin",
                    "is-widget-container": "true",
                    "x": "0.00180119089782238",
                    "y": "0.033117737621068954",
                    "z": "-0.12016875483095646",
                    "visible": "false"
                  },
                  "name": "twx-dt-model",
                  "children": [
                    {
                      "attributes": {
                        "databind-id": "db-1683296806777",
                        "source-type": "data",
                        "source-name": "model",
                        "source-item-type": "value",
                        "source-item-name": "model",
                        "binding-type": "custom_field",
                        "from-expression": "app.params['model']",
                        "to-property": "src"
                      },
                      "name": "twx-databind"
                    },
                    {
                      "name": "twx-container-content"
                    }
                  ]
                },
                {
                  "attributes": {
                    "twx-widget": "",
                    "widget-id": "tmlMT",
                    "widget-name": "tmlMT"
                  },
                  "name": "twx-tml-text"
                },
                {
                  "attributes": {
                    "twx-widget": "",
                    "widget-id": "workOrdersCoe-1",
                    "widget-name": "workOrdersCoe-1",
                    "autolaunch": "true"
                  },
                  "name": "twx-workorderscoe",
                  "children": [
                    {
                      "attributes": {
                        "databind-id": "db-1704209488798",
                        "source-type": "data",
                        "source-name": "vin",
                        "source-item-type": "value",
                        "source-item-name": "vin",
                        "binding-type": "custom_field",
                        "from-expression": "app.params['vin']",
                        "to-property": "workpackageid"
                      },
                      "name": "twx-databind"
                    },
                    {
                      "attributes": {
                        "databind-id": "db-1704390533776",
                        "source-type": "ui",
                        "source-label": "WorkOrders COE",
                        "source-name": "workOrdersCoe-1",
                        "source-item-type": "property",
                        "source-item-name": "workpackagedata",
                        "binding-type": "widget_property",
                        "from-expression": "app.view['VIN_OCTO'].wdg['workOrdersCoe-1']['workpackagedata']",
                        "to-property": "workpackage"
                      },
                      "name": "twx-databind"
                    }
                  ]
                },
                {
                  "attributes": {
                    "twx-widget": "",
                    "widget-id": "wayfinderPointsCoe-1",
                    "widget-name": "wayfinderPointsCoe-1",
                    "actionid": "BoundingBoxWaypoint",
                    "autolaunch": "true",
                    "modelid": ""
                  },
                  "name": "twx-wayfinderpointscoe",
                  "children": [
                    {
                      "attributes": {
                        "databind-id": "db-1683298713490",
                        "source-type": "ui",
                        "source-label": "WorkOrders COE",
                        "source-name": "workOrdersCoe-1",
                        "source-item-type": "property",
                        "source-item-name": "affectedparts",
                        "binding-type": "widget_property",
                        "from-expression": "app.view['VIN_OCTO'].wdg['workOrdersCoe-1']['affectedparts']",
                        "to-property": "incomingdata"
                      },
                      "name": "twx-databind"
                    }
                  ]
                },
                {
                  "attributes": {
                    "twx-widget": "",
                    "widget-id": "wayfinder-1",
                    "wayfinder-display-boundary": "0.1",
                    "labels-on-top": "true",
                    "waypoints-data": "[{\"position\":{\"x\":0.037,\"y\":0.076,\"z\":-0.1591},\"gaze\":{\"x\":-0.8907281134918589,\"y\":-0.4488511688805112,\"z\":-0.07166628237764816},\"up\":{\"x\":0,\"y\":1,\"z\":0},\"eventRadius\":0.25,\"wayfinderDisplayBoundary\":\"0.1\",\"label\":\"Waypoint 1\"}]",
                    "widget-name": "wayfinder-1",
                    "is-widget-container": "true"
                  },
                  "name": "twx-dt-wayfinder",
                  "children": [
                    {
                      "attributes": {
                        "databind-id": "db-1683298755515",
                        "source-type": "ui",
                        "source-label": "WayfinderPoints COE",
                        "source-name": "wayfinderPointsCoe-1",
                        "source-item-type": "property",
                        "source-item-name": "outgoingdata",
                        "binding-type": "widget_property",
                        "from-expression": "app.view['VIN_OCTO'].wdg['wayfinderPointsCoe-1']['outgoingdata']",
                        "to-property": "waypointsData"
                      },
                      "name": "twx-databind"
                    },
                    {
                      "name": "twx-container-content",
                      "children": [
                        {
                          "attributes": {
                            "twx-widget": "",
                            "widget-id": "waypoint-1",
                            "label-text": "Waypoint 1",
                            "label-on-top": "true",
                            "widget-name": "waypoint-1",
                            "scale": "0.9586440671707921",
                            "x": "0.0370",
                            "y": "0.0760",
                            "z": "-0.1591",
                            "rx": "-26.67",
                            "ry": "85.40",
                            "rz": "0.00"
                          },
                          "name": "twx-dt-waypoint"
                        }
                      ]
                    }
                  ]
                },
                {
                  "attributes": {
                    "twx-widget": "",
                    "widget-id": "mapper-1",
                    "widget-name": "mapper-1",
                    "color": "0,1,0",
                    "physical": "false",
                    "model": ""
                  },
                  "name": "twx-mapper",
                  "children": [
                    {
                      "attributes": {
                        "databind-id": "db-1683299060914",
                        "source-type": "ui",
                        "source-label": "WorkOrders COE",
                        "source-name": "workOrdersCoe-1",
                        "source-item-type": "property",
                        "source-item-name": "affectedparts",
                        "binding-type": "widget_property",
                        "from-expression": "app.view['VIN_OCTO'].wdg['workOrdersCoe-1']['affectedparts']",
                        "to-property": "data"
                      },
                      "name": "twx-databind"
                    }
                  ]
                },
                {
                  "attributes": {
                    "twx-widget": "",
                    "widget-id": "octoDynamicTarget-1",
                    "tracking-indicator": "false",
                    "widget-name": "octoDynamicTarget-1"
                  },
                  "name": "octodynamic-dt-target",
                  "children": [
                    {
                      "attributes": {
                        "databind-id": "db-1683320117185",
                        "source-type": "data",
                        "source-name": "mtdataset",
                        "source-item-type": "value",
                        "source-item-name": "mtdataset",
                        "binding-type": "custom_field",
                        "from-expression": "app.params['mtdataset']",
                        "to-property": "dataset"
                      },
                      "name": "twx-databind"
                    },
                    {
                      "attributes": {
                        "databind-id": "db-1683320136673",
                        "source-type": "data",
                        "source-name": "mtid",
                        "source-item-type": "value",
                        "source-item-name": "mtid",
                        "binding-type": "custom_field",
                        "from-expression": "app.params['mtid']",
                        "to-property": "targetId"
                      },
                      "name": "twx-databind"
                    },
                    {
                      "attributes": {
                        "databind-id": "db-1683320143674",
                        "source-type": "data",
                        "source-name": "mtguideview",
                        "source-item-type": "value",
                        "source-item-name": "mtguideview",
                        "binding-type": "custom_field",
                        "from-expression": "app.params['mtguideview']",
                        "to-property": "url"
                      },
                      "name": "twx-databind"
                    },
                    {
                      "attributes": {
                        "eventbind-id": "eb-1704298850510",
                        "source-type": "widget",
                        "source-label": "OCTO Dynamic Target",
                        "source-name": "octoDynamicTarget-1",
                        "source-event": "trackingacquired",
                        "handler-type": "ui",
                        "handler-name": "workOrdersCoe-1",
                        "handler-service": "getwpfromid",
                        "handler-path": "app.view[\"VIN_OCTO\"].wdg[\"workOrdersCoe-1\"].svc.getwpfromid"
                      },
                      "name": "twx-eventbind"
                    }
                  ]
                },
                {
                  "attributes": {
                    "twx-widget": "",
                    "widget-id": "3DImageInfo",
                    "widget-name": "3DImageInfo",
                    "is-widget-container": "true"
                  },
                  "name": "twx-dt-image",
                  "children": [
                    {
                      "name": "twx-container-content",
                      "children": [
                        {
                          "attributes": {
                            "twx-widget": "",
                            "widget-id": "3DLeaderLine-1",
                            "origin-widget-id": "3DImageInfo",
                            "global-x": "NaN",
                            "global-y": "NaN",
                            "global-z": "NaN",
                            "widget-name": "3DLeaderLine-1",
                            "occurrence": "",
                            "x": "NaN",
                            "y": "NaN",
                            "z": "NaN",
                            "rx": "-90.00",
                            "ry": "0.00",
                            "rz": "0.00"
                          },
                          "name": "twx-dt-3dleaderline"
                        }
                      ]
                    }
                  ]
                },
                {
                  "attributes": {
                    "twx-widget": "",
                    "widget-id": "model-1",
                    "widget-name": "model-1",
                    "is-widget-container": "true",
                    "x": "1.862645149230957e-9",
                    "opacity": "0.06"
                  },
                  "name": "twx-dt-model",
                  "children": [
                    {
                      "attributes": {
                        "databind-id": "db-1683296806777",
                        "source-type": "data",
                        "source-name": "model",
                        "source-item-type": "value",
                        "source-item-name": "model",
                        "binding-type": "custom_field",
                        "from-expression": "app.params['model']",
                        "to-property": "src"
                      },
                      "name": "twx-databind"
                    },
                    {
                      "name": "twx-container-content"
                    }
                  ]
                }
              ]
            }
          ]
        },
        {
          "attributes": {
            "twx-widget": "",
            "widget-id": "2DOverlay-1",
            "widget-name": "2D Overlay",
            "is-widget-container": "true"
          },
          "name": "twx-overlay",
          "children": [
            {
              "name": "twx-container-content",
              "children": [
                {
                  "attributes": {
                    "twx-widget": "",
                    "widget-id": "panel-1",
                    "widget-name": "Top Panel",
                    "is-widget-container": "true",
                    "position": "top"
                  },
                  "name": "twx-overlay-container",
                  "children": [
                    {
                      "name": "twx-container-content",
                      "children": [
                        {
                          "attributes": {
                            "twx-widget": "",
                            "widget-id": "gridLayout-2",
                            "widget-name": "gridLayout-2",
                            "is-widget-container": "true",
                            "class": "InfoPanel"
                          },
                          "name": "twx-gridlayout",
                          "children": [
                            {
                              "name": "twx-container-content",
                              "children": [
                                {
                                  "attributes": {
                                    "twx-widget": "",
                                    "widget-id": "row-19",
                                    "widget-name": "row-19",
                                    "is-widget-container": "true"
                                  },
                                  "name": "twx-row",
                                  "children": [
                                    {
                                      "name": "twx-container-content",
                                      "children": [
                                        {
                                          "attributes": {
                                            "twx-widget": "",
                                            "widget-id": "column-24",
                                            "widget-name": "column-24",
                                            "is-widget-container": "true"
                                          },
                                          "name": "twx-col",
                                          "children": [
                                            {
                                              "name": "twx-container-content"
                                            }
                                          ]
                                        },
                                        {
                                          "attributes": {
                                            "twx-widget": "",
                                            "widget-id": "column-25",
                                            "widget-name": "column-25",
                                            "is-widget-container": "true",
                                            "justification": "center",
                                            "alignment": "center"
                                          },
                                          "name": "twx-col",
                                          "children": [
                                            {
                                              "name": "twx-container-content",
                                              "children": [
                                                {
                                                  "attributes": {
                                                    "twx-widget": "",
                                                    "widget-id": "label-7",
                                                    "state-format-value": "text",
                                                    "widget-name": "label-7",
                                                    "text": "Label"
                                                  },
                                                  "name": "twx-label",
                                                  "children": [
                                                    {
                                                      "attributes": {
                                                        "databind-id": "db-1683300829846",
                                                        "source-type": "data",
                                                        "source-name": "vin",
                                                        "source-item-type": "value",
                                                        "source-item-name": "vin",
                                                        "binding-type": "custom_field",
                                                        "from-expression": "app.params['vin']",
                                                        "to-property": "text"
                                                      },
                                                      "name": "twx-databind"
                                                    }
                                                  ]
                                                }
                                              ]
                                            }
                                          ]
                                        },
                                        {
                                          "attributes": {
                                            "twx-widget": "",
                                            "widget-id": "column-26",
                                            "widget-name": "column-26",
                                            "is-widget-container": "true",
                                            "alignment": "flex-end"
                                          },
                                          "name": "twx-col",
                                          "children": [
                                            {
                                              "name": "twx-container-content",
                                              "children": [
                                                {
                                                  "attributes": {
                                                    "twx-widget": "",
                                                    "widget-id": "button-2",
                                                    "widget-name": "button-2",
                                                    "text": "Debug"
                                                  },
                                                  "name": "twx-button",
                                                  "children": [
                                                    {
                                                      "attributes": {
                                                        "eventbind-id": "eb-1683300850840",
                                                        "source-type": "widget",
                                                        "source-label": "Button",
                                                        "source-name": "button-2",
                                                        "source-event": "click",
                                                        "handler-type": "ui",
                                                        "handler-name": "popupDebug",
                                                        "handler-service": "showpopup",
                                                        "handler-path": "app.view[\"VIN_OCTO\"].wdg[\"popupDebug\"].svc.showpopup"
                                                      },
                                                      "name": "twx-eventbind"
                                                    }
                                                  ]
                                                }
                                              ]
                                            }
                                          ]
                                        }
                                      ]
                                    }
                                  ]
                                }
                              ]
                            }
                          ]
                        }
                      ]
                    }
                  ]
                },
                {
                  "attributes": {
                    "twx-widget": "",
                    "widget-id": "2DOverlayBody-1",
                    "widget-name": "2D Body",
                    "is-widget-container": "true"
                  },
                  "name": "twx-overlay-body",
                  "children": [
                    {
                      "name": "twx-container-content",
                      "children": [
                        {
                          "attributes": {
                            "twx-widget": "",
                            "widget-id": "panel-2",
                            "widget-name": "Left Panel",
                            "is-widget-container": "true",
                            "position": "left"
                          },
                          "name": "twx-overlay-container",
                          "children": [
                            {
                              "name": "twx-container-content"
                            }
                          ]
                        },
                        {
                          "attributes": {
                            "twx-widget": "",
                            "widget-id": "panel-3",
                            "widget-name": "Center Panel",
                            "is-widget-container": "true",
                            "position": "center"
                          },
                          "name": "twx-overlay-container",
                          "children": [
                            {
                              "name": "twx-container-content",
                              "children": [
                                {
                                  "attributes": {
                                    "twx-widget": "",
                                    "widget-id": "popupDebug",
                                    "widget-name": "popupDebug",
                                    "is-widget-container": "true",
                                    "class": "InfoPanel",
                                    "centered": "false",
                                    "top": "50px",
                                    "left": "5px"
                                  },
                                  "name": "twx-popup",
                                  "children": [
                                    {
                                      "name": "twx-container-content",
                                      "children": [
                                        {
                                          "attributes": {
                                            "twx-widget": "",
                                            "widget-id": "gridLayout-1",
                                            "widget-name": "gridLayout-1",
                                            "is-widget-container": "true"
                                          },
                                          "name": "twx-gridlayout",
                                          "children": [
                                            {
                                              "name": "twx-container-content",
                                              "children": [
                                                {
                                                  "attributes": {
                                                    "twx-widget": "",
                                                    "widget-id": "row-1",
                                                    "widget-name": "row-1",
                                                    "is-widget-container": "true"
                                                  },
                                                  "name": "twx-row",
                                                  "children": [
                                                    {
                                                      "name": "twx-container-content",
                                                      "children": [
                                                        {
                                                          "attributes": {
                                                            "twx-widget": "",
                                                            "widget-id": "column-1",
                                                            "widget-name": "column-1",
                                                            "is-widget-container": "true"
                                                          },
                                                          "name": "twx-col",
                                                          "children": [
                                                            {
                                                              "name": "twx-container-content",
                                                              "children": [
                                                                {
                                                                  "attributes": {
                                                                    "twx-widget": "",
                                                                    "widget-id": "label-1",
                                                                    "state-format-value": "text",
                                                                    "widget-name": "label-1",
                                                                    "text": "Debug Info"
                                                                  },
                                                                  "name": "twx-label"
                                                                }
                                                              ]
                                                            }
                                                          ]
                                                        }
                                                      ]
                                                    }
                                                  ]
                                                },
                                                {
                                                  "attributes": {
                                                    "twx-widget": "",
                                                    "widget-id": "row-2",
                                                    "widget-name": "row-2",
                                                    "is-widget-container": "true"
                                                  },
                                                  "name": "twx-row",
                                                  "children": [
                                                    {
                                                      "name": "twx-container-content",
                                                      "children": [
                                                        {
                                                          "attributes": {
                                                            "twx-widget": "",
                                                            "widget-id": "column-2",
                                                            "widget-name": "column-2",
                                                            "is-widget-container": "true"
                                                          },
                                                          "name": "twx-col",
                                                          "children": [
                                                            {
                                                              "name": "twx-container-content"
                                                            }
                                                          ]
                                                        }
                                                      ]
                                                    }
                                                  ]
                                                },
                                                {
                                                  "attributes": {
                                                    "twx-widget": "",
                                                    "widget-id": "row-3",
                                                    "widget-name": "row-3",
                                                    "is-widget-container": "true"
                                                  },
                                                  "name": "twx-row",
                                                  "children": [
                                                    {
                                                      "name": "twx-container-content",
                                                      "children": [
                                                        {
                                                          "attributes": {
                                                            "twx-widget": "",
                                                            "widget-id": "column-3",
                                                            "widget-name": "column-3",
                                                            "is-widget-container": "true"
                                                          },
                                                          "name": "twx-col",
                                                          "children": [
                                                            {
                                                              "name": "twx-container-content",
                                                              "children": [
                                                                {
                                                                  "attributes": {
                                                                    "twx-widget": "",
                                                                    "widget-id": "label-2",
                                                                    "state-format-value": "text",
                                                                    "widget-name": "label-2",
                                                                    "text": "mtdataset prop"
                                                                  },
                                                                  "name": "twx-label"
                                                                }
                                                              ]
                                                            }
                                                          ]
                                                        },
                                                        {
                                                          "attributes": {
                                                            "twx-widget": "",
                                                            "widget-id": "column-19",
                                                            "widget-name": "column-19",
                                                            "is-widget-container": "true"
                                                          },
                                                          "name": "twx-col",
                                                          "children": [
                                                            {
                                                              "name": "twx-container-content",
                                                              "children": [
                                                                {
                                                                  "attributes": {
                                                                    "twx-widget": "",
                                                                    "widget-id": "textArea-1",
                                                                    "widget-name": "textArea-1"
                                                                  },
                                                                  "name": "twx-textarea",
                                                                  "children": [
                                                                    {
                                                                      "attributes": {
                                                                        "databind-id": "db-1704235989366",
                                                                        "source-type": "data",
                                                                        "source-name": "mtdataset",
                                                                        "source-item-type": "value",
                                                                        "source-item-name": "mtdataset",
                                                                        "binding-type": "custom_field",
                                                                        "from-expression": "app.params['mtdataset']",
                                                                        "to-property": "text"
                                                                      },
                                                                      "name": "twx-databind"
                                                                    }
                                                                  ]
                                                                }
                                                              ]
                                                            }
                                                          ]
                                                        }
                                                      ]
                                                    }
                                                  ]
                                                },
                                                {
                                                  "attributes": {
                                                    "twx-widget": "",
                                                    "widget-id": "row-4",
                                                    "widget-name": "row-4",
                                                    "is-widget-container": "true"
                                                  },
                                                  "name": "twx-row",
                                                  "children": [
                                                    {
                                                      "name": "twx-container-content",
                                                      "children": [
                                                        {
                                                          "attributes": {
                                                            "twx-widget": "",
                                                            "widget-id": "column-4",
                                                            "widget-name": "column-4",
                                                            "is-widget-container": "true"
                                                          },
                                                          "name": "twx-col",
                                                          "children": [
                                                            {
                                                              "name": "twx-container-content",
                                                              "children": [
                                                                {
                                                                  "attributes": {
                                                                    "twx-widget": "",
                                                                    "widget-id": "label-3",
                                                                    "state-format-value": "text",
                                                                    "widget-name": "label-3",
                                                                    "text": "mtid prop"
                                                                  },
                                                                  "name": "twx-label"
                                                                }
                                                              ]
                                                            }
                                                          ]
                                                        },
                                                        {
                                                          "attributes": {
                                                            "twx-widget": "",
                                                            "widget-id": "column-20",
                                                            "widget-name": "column-20",
                                                            "is-widget-container": "true"
                                                          },
                                                          "name": "twx-col",
                                                          "children": [
                                                            {
                                                              "name": "twx-container-content",
                                                              "children": [
                                                                {
                                                                  "attributes": {
                                                                    "twx-widget": "",
                                                                    "widget-id": "textArea-2",
                                                                    "widget-name": "textArea-2"
                                                                  },
                                                                  "name": "twx-textarea",
                                                                  "children": [
                                                                    {
                                                                      "attributes": {
                                                                        "databind-id": "db-1704235995269",
                                                                        "source-type": "data",
                                                                        "source-name": "mtid",
                                                                        "source-item-type": "value",
                                                                        "source-item-name": "mtid",
                                                                        "binding-type": "custom_field",
                                                                        "from-expression": "app.params['mtid']",
                                                                        "to-property": "text"
                                                                      },
                                                                      "name": "twx-databind"
                                                                    }
                                                                  ]
                                                                }
                                                              ]
                                                            }
                                                          ]
                                                        }
                                                      ]
                                                    }
                                                  ]
                                                },
                                                {
                                                  "attributes": {
                                                    "twx-widget": "",
                                                    "widget-id": "row-5",
                                                    "widget-name": "row-5",
                                                    "is-widget-container": "true"
                                                  },
                                                  "name": "twx-row",
                                                  "children": [
                                                    {
                                                      "name": "twx-container-content",
                                                      "children": [
                                                        {
                                                          "attributes": {
                                                            "twx-widget": "",
                                                            "widget-id": "column-5",
                                                            "widget-name": "column-5",
                                                            "is-widget-container": "true"
                                                          },
                                                          "name": "twx-col",
                                                          "children": [
                                                            {
                                                              "name": "twx-container-content",
                                                              "children": [
                                                                {
                                                                  "attributes": {
                                                                    "twx-widget": "",
                                                                    "widget-id": "label-4",
                                                                    "state-format-value": "text",
                                                                    "widget-name": "label-4",
                                                                    "text": "Work Package"
                                                                  },
                                                                  "name": "twx-label"
                                                                }
                                                              ]
                                                            }
                                                          ]
                                                        },
                                                        {
                                                          "attributes": {
                                                            "twx-widget": "",
                                                            "widget-id": "column-21",
                                                            "widget-name": "column-21",
                                                            "is-widget-container": "true"
                                                          },
                                                          "name": "twx-col",
                                                          "children": [
                                                            {
                                                              "name": "twx-container-content",
                                                              "children": [
                                                                {
                                                                  "attributes": {
                                                                    "twx-widget": "",
                                                                    "widget-id": "textArea-3",
                                                                    "widget-name": "textArea-3"
                                                                  },
                                                                  "name": "twx-textarea",
                                                                  "children": [
                                                                    {
                                                                      "attributes": {
                                                                        "databind-id": "db-1683300567913",
                                                                        "source-type": "data",
                                                                        "source-name": "AutoARServiceHelper",
                                                                        "source-item-type": "service",
                                                                        "source-item-name": "GetWorkPackage",
                                                                        "binding-type": "collection",
                                                                        "from-expression": "app.mdl['AutoARServiceHelper'].svc['GetWorkPackage'].data",
                                                                        "to-property": "text"
                                                                      },
                                                                      "name": "twx-databind",
                                                                      "children": [
                                                                        {
                                                                          "attributes": {
                                                                            "filter-id": "df-1683300928601",
                                                                            "filter-body": "return JSON.stringify(value);"
                                                                          },
                                                                          "name": "twx-data-filter"
                                                                        }
                                                                      ]
                                                                    }
                                                                  ]
                                                                }
                                                              ]
                                                            }
                                                          ]
                                                        }
                                                      ]
                                                    }
                                                  ]
                                                },
                                                {
                                                  "attributes": {
                                                    "twx-widget": "",
                                                    "widget-id": "row-6",
                                                    "widget-name": "row-6",
                                                    "is-widget-container": "true"
                                                  },
                                                  "name": "twx-row",
                                                  "children": [
                                                    {
                                                      "name": "twx-container-content",
                                                      "children": [
                                                        {
                                                          "attributes": {
                                                            "twx-widget": "",
                                                            "widget-id": "column-6",
                                                            "widget-name": "column-6",
                                                            "is-widget-container": "true"
                                                          },
                                                          "name": "twx-col",
                                                          "children": [
                                                            {
                                                              "name": "twx-container-content",
                                                              "children": [
                                                                {
                                                                  "attributes": {
                                                                    "twx-widget": "",
                                                                    "widget-id": "label-5",
                                                                    "state-format-value": "text",
                                                                    "widget-name": "label-5",
                                                                    "text": "Affected Parts"
                                                                  },
                                                                  "name": "twx-label"
                                                                }
                                                              ]
                                                            }
                                                          ]
                                                        },
                                                        {
                                                          "attributes": {
                                                            "twx-widget": "",
                                                            "widget-id": "column-22",
                                                            "widget-name": "column-22",
                                                            "is-widget-container": "true"
                                                          },
                                                          "name": "twx-col",
                                                          "children": [
                                                            {
                                                              "name": "twx-container-content",
                                                              "children": [
                                                                {
                                                                  "attributes": {
                                                                    "twx-widget": "",
                                                                    "widget-id": "textArea-4",
                                                                    "widget-name": "textArea-4"
                                                                  },
                                                                  "name": "twx-textarea",
                                                                  "children": [
                                                                    {
                                                                      "attributes": {
                                                                        "databind-id": "db-1683300556167",
                                                                        "source-type": "ui",
                                                                        "source-label": "WorkOrders COE",
                                                                        "source-name": "workOrdersCoe-1",
                                                                        "source-item-type": "property",
                                                                        "source-item-name": "affectedparts",
                                                                        "binding-type": "widget_property",
                                                                        "from-expression": "app.view['VIN_OCTO'].wdg['workOrdersCoe-1']['affectedparts']",
                                                                        "to-property": "text"
                                                                      },
                                                                      "name": "twx-databind",
                                                                      "children": [
                                                                        {
                                                                          "attributes": {
                                                                            "filter-id": "df-1683300933055",
                                                                            "filter-body": "return JSON.stringify(value);"
                                                                          },
                                                                          "name": "twx-data-filter"
                                                                        }
                                                                      ]
                                                                    }
                                                                  ]
                                                                }
                                                              ]
                                                            }
                                                          ]
                                                        }
                                                      ]
                                                    }
                                                  ]
                                                },
                                                {
                                                  "attributes": {
                                                    "twx-widget": "",
                                                    "widget-id": "row-7",
                                                    "widget-name": "row-7",
                                                    "is-widget-container": "true"
                                                  },
                                                  "name": "twx-row",
                                                  "children": [
                                                    {
                                                      "name": "twx-container-content",
                                                      "children": [
                                                        {
                                                          "attributes": {
                                                            "twx-widget": "",
                                                            "widget-id": "column-7",
                                                            "widget-name": "column-7",
                                                            "is-widget-container": "true"
                                                          },
                                                          "name": "twx-col",
                                                          "children": [
                                                            {
                                                              "name": "twx-container-content",
                                                              "children": [
                                                                {
                                                                  "attributes": {
                                                                    "twx-widget": "",
                                                                    "widget-id": "label-6",
                                                                    "state-format-value": "text",
                                                                    "widget-name": "label-6",
                                                                    "text": "Waypoint data"
                                                                  },
                                                                  "name": "twx-label"
                                                                }
                                                              ]
                                                            }
                                                          ]
                                                        },
                                                        {
                                                          "attributes": {
                                                            "twx-widget": "",
                                                            "widget-id": "column-23",
                                                            "widget-name": "column-23",
                                                            "is-widget-container": "true"
                                                          },
                                                          "name": "twx-col",
                                                          "children": [
                                                            {
                                                              "name": "twx-container-content",
                                                              "children": [
                                                                {
                                                                  "attributes": {
                                                                    "twx-widget": "",
                                                                    "widget-id": "textArea-5",
                                                                    "widget-name": "textArea-5"
                                                                  },
                                                                  "name": "twx-textarea",
                                                                  "children": [
                                                                    {
                                                                      "attributes": {
                                                                        "databind-id": "db-1683300646471",
                                                                        "source-type": "ui",
                                                                        "source-label": "WayfinderPoints COE",
                                                                        "source-name": "wayfinderPointsCoe-1",
                                                                        "source-item-type": "property",
                                                                        "source-item-name": "outgoingdata",
                                                                        "binding-type": "widget_property",
                                                                        "from-expression": "app.view['VIN_OCTO'].wdg['wayfinderPointsCoe-1']['outgoingdata']",
                                                                        "to-property": "text"
                                                                      },
                                                                      "name": "twx-databind",
                                                                      "children": [
                                                                        {
                                                                          "attributes": {
                                                                            "filter-id": "df-1683300937811",
                                                                            "filter-body": "return JSON.stringify(value);"
                                                                          },
                                                                          "name": "twx-data-filter"
                                                                        }
                                                                      ]
                                                                    }
                                                                  ]
                                                                }
                                                              ]
                                                            }
                                                          ]
                                                        }
                                                      ]
                                                    }
                                                  ]
                                                },
                                                {
                                                  "attributes": {
                                                    "twx-widget": "",
                                                    "widget-id": "row-8",
                                                    "widget-name": "row-8",
                                                    "is-widget-container": "true"
                                                  },
                                                  "name": "twx-row",
                                                  "children": [
                                                    {
                                                      "name": "twx-container-content",
                                                      "children": [
                                                        {
                                                          "attributes": {
                                                            "twx-widget": "",
                                                            "widget-id": "column-8",
                                                            "widget-name": "column-8",
                                                            "is-widget-container": "true"
                                                          },
                                                          "name": "twx-col",
                                                          "children": [
                                                            {
                                                              "name": "twx-container-content"
                                                            }
                                                          ]
                                                        }
                                                      ]
                                                    }
                                                  ]
                                                },
                                                {
                                                  "attributes": {
                                                    "twx-widget": "",
                                                    "widget-id": "row-9",
                                                    "widget-name": "row-9",
                                                    "is-widget-container": "true"
                                                  },
                                                  "name": "twx-row",
                                                  "children": [
                                                    {
                                                      "name": "twx-container-content",
                                                      "children": [
                                                        {
                                                          "attributes": {
                                                            "twx-widget": "",
                                                            "widget-id": "column-9",
                                                            "widget-name": "column-9",
                                                            "is-widget-container": "true"
                                                          },
                                                          "name": "twx-col",
                                                          "children": [
                                                            {
                                                              "name": "twx-container-content"
                                                            }
                                                          ]
                                                        }
                                                      ]
                                                    }
                                                  ]
                                                },
                                                {
                                                  "attributes": {
                                                    "twx-widget": "",
                                                    "widget-id": "row-10",
                                                    "widget-name": "row-10",
                                                    "is-widget-container": "true"
                                                  },
                                                  "name": "twx-row",
                                                  "children": [
                                                    {
                                                      "name": "twx-container-content",
                                                      "children": [
                                                        {
                                                          "attributes": {
                                                            "twx-widget": "",
                                                            "widget-id": "column-10",
                                                            "widget-name": "column-10",
                                                            "is-widget-container": "true"
                                                          },
                                                          "name": "twx-col",
                                                          "children": [
                                                            {
                                                              "name": "twx-container-content"
                                                            }
                                                          ]
                                                        }
                                                      ]
                                                    }
                                                  ]
                                                },
                                                {
                                                  "attributes": {
                                                    "twx-widget": "",
                                                    "widget-id": "row-11",
                                                    "widget-name": "row-11",
                                                    "is-widget-container": "true"
                                                  },
                                                  "name": "twx-row",
                                                  "children": [
                                                    {
                                                      "name": "twx-container-content"
                                                    }
                                                  ]
                                                },
                                                {
                                                  "attributes": {
                                                    "twx-widget": "",
                                                    "widget-id": "row-12",
                                                    "widget-name": "row-12",
                                                    "is-widget-container": "true"
                                                  },
                                                  "name": "twx-row",
                                                  "children": [
                                                    {
                                                      "name": "twx-container-content"
                                                    }
                                                  ]
                                                },
                                                {
                                                  "attributes": {
                                                    "twx-widget": "",
                                                    "widget-id": "row-13",
                                                    "widget-name": "row-13",
                                                    "is-widget-container": "true"
                                                  },
                                                  "name": "twx-row",
                                                  "children": [
                                                    {
                                                      "name": "twx-container-content"
                                                    }
                                                  ]
                                                },
                                                {
                                                  "attributes": {
                                                    "twx-widget": "",
                                                    "widget-id": "row-14",
                                                    "widget-name": "row-14",
                                                    "is-widget-container": "true"
                                                  },
                                                  "name": "twx-row",
                                                  "children": [
                                                    {
                                                      "name": "twx-container-content"
                                                    }
                                                  ]
                                                },
                                                {
                                                  "attributes": {
                                                    "twx-widget": "",
                                                    "widget-id": "row-15",
                                                    "widget-name": "row-15",
                                                    "is-widget-container": "true"
                                                  },
                                                  "name": "twx-row",
                                                  "children": [
                                                    {
                                                      "name": "twx-container-content"
                                                    }
                                                  ]
                                                },
                                                {
                                                  "attributes": {
                                                    "twx-widget": "",
                                                    "widget-id": "row-16",
                                                    "widget-name": "row-16",
                                                    "is-widget-container": "true"
                                                  },
                                                  "name": "twx-row",
                                                  "children": [
                                                    {
                                                      "name": "twx-container-content"
                                                    }
                                                  ]
                                                },
                                                {
                                                  "attributes": {
                                                    "twx-widget": "",
                                                    "widget-id": "row-17",
                                                    "widget-name": "row-17",
                                                    "is-widget-container": "true"
                                                  },
                                                  "name": "twx-row",
                                                  "children": [
                                                    {
                                                      "name": "twx-container-content",
                                                      "children": [
                                                        {
                                                          "attributes": {
                                                            "twx-widget": "",
                                                            "widget-id": "column-17",
                                                            "widget-name": "column-17",
                                                            "is-widget-container": "true"
                                                          },
                                                          "name": "twx-col",
                                                          "children": [
                                                            {
                                                              "name": "twx-container-content"
                                                            }
                                                          ]
                                                        }
                                                      ]
                                                    }
                                                  ]
                                                },
                                                {
                                                  "attributes": {
                                                    "twx-widget": "",
                                                    "widget-id": "row-18",
                                                    "widget-name": "row-18",
                                                    "is-widget-container": "true"
                                                  },
                                                  "name": "twx-row",
                                                  "children": [
                                                    {
                                                      "name": "twx-container-content",
                                                      "children": [
                                                        {
                                                          "attributes": {
                                                            "twx-widget": "",
                                                            "widget-id": "column-18",
                                                            "widget-name": "column-18",
                                                            "is-widget-container": "true",
                                                            "justification": "flex-end",
                                                            "alignment": "flex-end"
                                                          },
                                                          "name": "twx-col",
                                                          "children": [
                                                            {
                                                              "name": "twx-container-content",
                                                              "children": [
                                                                {
                                                                  "attributes": {
                                                                    "twx-widget": "",
                                                                    "widget-id": "button-1",
                                                                    "widget-name": "button-1",
                                                                    "text": "Close"
                                                                  },
                                                                  "name": "twx-button",
                                                                  "children": [
                                                                    {
                                                                      "attributes": {
                                                                        "eventbind-id": "eb-1683300505717",
                                                                        "source-type": "widget",
                                                                        "source-label": "Button",
                                                                        "source-name": "button-1",
                                                                        "source-event": "click",
                                                                        "handler-type": "ui",
                                                                        "handler-name": "popupDebug",
                                                                        "handler-service": "hidepopup",
                                                                        "handler-path": "app.view[\"VIN_OCTO\"].wdg[\"popupDebug\"].svc.hidepopup"
                                                                      },
                                                                      "name": "twx-eventbind"
                                                                    }
                                                                  ]
                                                                }
                                                              ]
                                                            }
                                                          ]
                                                        }
                                                      ]
                                                    }
                                                  ]
                                                }
                                              ]
                                            }
                                          ]
                                        }
                                      ]
                                    }
                                  ]
                                }
                              ]
                            }
                          ]
                        },
                        {
                          "attributes": {
                            "twx-widget": "",
                            "widget-id": "panel-4",
                            "widget-name": "Right Panel",
                            "is-widget-container": "true",
                            "position": "right"
                          },
                          "name": "twx-overlay-container",
                          "children": [
                            {
                              "name": "twx-container-content"
                            }
                          ]
                        }
                      ]
                    }
                  ]
                },
                {
                  "attributes": {
                    "twx-widget": "",
                    "widget-id": "panel-5",
                    "widget-name": "Bottom Panel",
                    "is-widget-container": "true",
                    "position": "bottom"
                  },
                  "name": "twx-overlay-container",
                  "children": [
                    {
                      "name": "twx-container-content"
                    }
                  ]
                }
              ]
            }
          ]
        }
      ]
    },
    {
      "name": "twx-view-data"
    }
  ],
  "name": "twx-view"
}
