{
  "attributes": {
    "namespace": "app.mdl"
  },
  "children": [
    {
      "attributes": {
        "id": "vumark",
        "isbound": "false",
        "isdeletable": "false",
        "name": "ThingMark",
        "value": ""
      },
      "name": "twx-app-param"
    },
    {
      "attributes": {
        "id": "template",
        "isbound": "false",
        "isdeletable": "false",
        "name": "Thing Template",
        "value": ""
      },
      "name": "twx-app-param"
    },
    {
      "attributes": {
        "id": "thing",
        "isbound": "false",
        "isdeletable": "false",
        "name": "Thing",
        "value": ""
      },
      "name": "twx-app-param"
    },
    {
      "attributes": {
        "id": "vin",
        "isbound": "false",
        "isdeletable": "true",
        "name": "vin",
        "value": ""
      },
      "name": "twx-app-param",
      "children": [
        {
          "attributes": {
            "databind-id": "db-1578358d-9900-4f27-8065-0ad59363efee",
            "source-type": "ui",
            "source-label": "Scan",
            "source-name": "scanVIN",
            "source-item-type": "property",
            "source-item-name": "scannedValue",
            "binding-type": "widget_property",
            "from-expression": "app.view['Home'].wdg['scanVIN']['scannedValue']",
            "to-property": "app.params['vin']"
          },
          "name": "twx-databind"
        }
      ]
    },
    {
      "attributes": {
        "id": "mtdataset",
        "isbound": "false",
        "isdeletable": "true",
        "name": "mtdataset",
        "value": ""
      },
      "name": "twx-app-param",
      "children": [
        {
          "attributes": {
            "databind-id": "db-870eb6f5-64ad-4407-ac32-21dc46eda3d6",
            "source-type": "ui",
            "source-label": "WorkOrders COE",
            "source-name": "workOrdersCoe-1",
            "source-item-type": "property",
            "source-item-name": "heromtdataset",
            "binding-type": "widget_property",
            "from-expression": "app.view['Home'].wdg['workOrdersCoe-1']['heromtdataset']",
            "to-property": "app.params['mtdataset']"
          },
          "name": "twx-databind"
        }
      ]
    },
    {
      "attributes": {
        "id": "mtguideview",
        "isbound": "false",
        "isdeletable": "true",
        "name": "mtguideview",
        "value": ""
      },
      "name": "twx-app-param",
      "children": [
        {
          "attributes": {
            "databind-id": "db-102d6046-f740-4bc7-89d3-505b8d46df97",
            "source-type": "ui",
            "source-label": "WorkOrders COE",
            "source-name": "workOrdersCoe-1",
            "source-item-type": "property",
            "source-item-name": "heromtguideview",
            "binding-type": "widget_property",
            "from-expression": "app.view['Home'].wdg['workOrdersCoe-1']['heromtguideview']",
            "to-property": "app.params['mtguideview']"
          },
          "name": "twx-databind"
        }
      ]
    },
    {
      "attributes": {
        "id": "mtid",
        "isbound": "false",
        "isdeletable": "true",
        "name": "mtid",
        "value": ""
      },
      "name": "twx-app-param",
      "children": [
        {
          "attributes": {
            "databind-id": "db-54d0b2f5-d69d-4793-8deb-9486aa82e474",
            "source-type": "ui",
            "source-label": "WorkOrders COE",
            "source-name": "workOrdersCoe-1",
            "source-item-type": "property",
            "source-item-name": "heromtid",
            "binding-type": "widget_property",
            "from-expression": "app.view['Home'].wdg['workOrdersCoe-1']['heromtid']",
            "to-property": "app.params['mtid']"
          },
          "name": "twx-databind"
        }
      ]
    },
    {
      "attributes": {
        "id": "folder",
        "isbound": "false",
        "isdeletable": "true",
        "name": "folder",
        "value": ""
      },
      "name": "twx-app-param",
      "children": [
        {
          "attributes": {
            "databind-id": "db-63b4f2ac-70f9-4734-ad40-25006752a61f",
            "source-type": "ui",
            "source-label": "WorkOrders COE",
            "source-name": "workOrdersCoe-1",
            "source-item-type": "property",
            "source-item-name": "herofolder",
            "binding-type": "widget_property",
            "from-expression": "app.view['Home'].wdg['workOrdersCoe-1']['herofolder']",
            "to-property": "app.params['folder']"
          },
          "name": "twx-databind"
        }
      ]
    },
    {
      "attributes": {
        "id": "model",
        "isbound": "false",
        "isdeletable": "true",
        "name": "model",
        "value": ""
      },
      "name": "twx-app-param",
      "children": [
        {
          "attributes": {
            "databind-id": "db-f1d6116a-0099-4a17-946d-ac8567923d62",
            "source-type": "ui",
            "source-label": "WorkOrders COE",
            "source-name": "workOrdersCoe-1",
            "source-item-type": "property",
            "source-item-name": "heromodel",
            "binding-type": "widget_property",
            "from-expression": "app.view['Home'].wdg['workOrdersCoe-1']['heromodel']",
            "to-property": "app.params['model']"
          },
          "name": "twx-databind"
        }
      ]
    }
  ],
  "name": "twx-app-mdl"
}
