{
  "name": "",
  "version": "1.0.0",
  "requires": [
    "w320dp"
  ],
  "experiences": [
    {
      "vumark": "",
      "experienceType": "none",
      "id": 1,
      "index-keys": [],
      "title": {
        "en": "AutoAR-WorkPackage-04"
      },
      "description": {
        "en": "",
        "en-US": ""
      },
      "requires": [
        "AR-tracking"
      ],
      "tags": [],
      "icon": "",
      "viewName": "Home",
      "url-template": "index.html?expId=1",
      "entryPoint": "index.html?expId=1",
      "thumbnail": "",
      "thingTemplateName": ""
    }
  ],
  "widgetsUsage": [
    {
      "timestamp": "2023-05-05T18:48:47.535Z",
      "action": "PUBLISH",
      "usage": {
        "twx-view": 2,
        "twx-dt-view": 2,
        "twx-overlay": 2,
        "twx-overlay-body": 2,
        "twx-overlay-container": 6,
        "twx-image2": 1,
        "twx-popup": 2,
        "twx-gridlayout": 3,
        "twx-row": 23,
        "twx-col": 26,
        "twx-label": 10,
        "twx-button": 3,
        "twx-barcode-scanner": 1,
        "twx-dt-model": 2,
        "octodynamic-dt-target": 1,
        "twx-tml-text": 1,
        "twx-workorderscoe": 1,
        "twx-wayfinderpointscoe": 1,
        "twx-dt-wayfinder": 1,
        "twx-mapper": 1,
        "twx-textarea": 5
      }
    },
    {
      "timestamp": "2023-05-05T19:08:30.296Z",
      "action": "PUBLISH",
      "usage": {
        "twx-view": 2,
        "twx-dt-view": 2,
        "twx-overlay": 2,
        "twx-overlay-body": 2,
        "twx-overlay-container": 6,
        "twx-image2": 1,
        "twx-popup": 2,
        "twx-gridlayout": 3,
        "twx-row": 23,
        "twx-col": 26,
        "twx-label": 10,
        "twx-button": 3,
        "twx-barcode-scanner": 1,
        "twx-dt-model": 2,
        "octodynamic-dt-target": 1,
        "twx-tml-text": 1,
        "twx-workorderscoe": 1,
        "twx-wayfinderpointscoe": 1,
        "twx-dt-wayfinder": 1,
        "twx-mapper": 1,
        "twx-textarea": 5
      }
    },
    {
      "timestamp": "2023-05-05T19:57:14.891Z",
      "action": "PUBLISH",
      "usage": {
        "twx-view": 2,
        "twx-dt-view": 2,
        "twx-overlay": 2,
        "twx-overlay-body": 2,
        "twx-overlay-container": 6,
        "twx-image2": 1,
        "twx-popup": 2,
        "twx-gridlayout": 3,
        "twx-row": 23,
        "twx-col": 26,
        "twx-label": 10,
        "twx-button": 3,
        "twx-barcode-scanner": 1,
        "twx-dt-model": 2,
        "octodynamic-dt-target": 1,
        "twx-tml-text": 1,
        "twx-workorderscoe": 1,
        "twx-wayfinderpointscoe": 1,
        "twx-dt-wayfinder": 1,
        "twx-mapper": 1,
        "twx-textarea": 5
      }
    },
    {
      "timestamp": "2023-05-05T20:00:16.581Z",
      "action": "PUBLISH",
      "usage": {
        "twx-view": 2,
        "twx-dt-view": 2,
        "twx-overlay": 2,
        "twx-overlay-body": 2,
        "twx-overlay-container": 6,
        "twx-image2": 1,
        "twx-popup": 2,
        "twx-gridlayout": 3,
        "twx-row": 23,
        "twx-col": 26,
        "twx-label": 10,
        "twx-button": 3,
        "twx-barcode-scanner": 1,
        "twx-dt-model": 2,
        "octodynamic-dt-target": 1,
        "twx-tml-text": 1,
        "twx-workorderscoe": 1,
        "twx-wayfinderpointscoe": 1,
        "twx-dt-wayfinder": 1,
        "twx-mapper": 1,
        "twx-textarea": 5
      }
    },
    {
      "timestamp": "2023-05-05T20:57:39.780Z",
      "action": "PUBLISH",
      "usage": {
        "twx-view": 2,
        "twx-dt-view": 2,
        "twx-overlay": 2,
        "twx-overlay-body": 2,
        "twx-overlay-container": 6,
        "twx-image2": 1,
        "twx-popup": 2,
        "twx-gridlayout": 3,
        "twx-row": 23,
        "twx-col": 26,
        "twx-label": 10,
        "twx-button": 3,
        "twx-barcode-scanner": 1,
        "twx-dt-model": 2,
        "twx-tml-text": 1,
        "twx-workorderscoe": 1,
        "twx-wayfinderpointscoe": 1,
        "twx-dt-wayfinder": 1,
        "twx-mapper": 1,
        "octodynamic-dt-target": 1,
        "twx-textarea": 5
      }
    },
    {
      "timestamp": "2023-05-06T15:19:38.163Z",
      "action": "PUBLISH",
      "usage": {
        "twx-view": 2,
        "twx-dt-view": 2,
        "twx-overlay": 2,
        "twx-overlay-body": 2,
        "twx-overlay-container": 6,
        "twx-image2": 1,
        "twx-popup": 2,
        "twx-gridlayout": 3,
        "twx-row": 23,
        "twx-col": 26,
        "twx-label": 10,
        "twx-button": 3,
        "twx-barcode-scanner": 1,
        "twx-dt-model": 2,
        "twx-tml-text": 1,
        "twx-workorderscoe": 1,
        "twx-wayfinderpointscoe": 1,
        "twx-dt-wayfinder": 1,
        "twx-mapper": 1,
        "octodynamic-dt-target": 1,
        "twx-textarea": 5
      }
    },
    {
      "timestamp": "2023-05-08T18:15:20.594Z",
      "action": "PUBLISH",
      "usage": {
        "twx-view": 2,
        "twx-dt-view": 2,
        "twx-overlay": 2,
        "twx-overlay-body": 2,
        "twx-overlay-container": 6,
        "twx-image2": 1,
        "twx-popup": 2,
        "twx-gridlayout": 3,
        "twx-row": 23,
        "twx-col": 26,
        "twx-label": 10,
        "twx-button": 3,
        "twx-barcode-scanner": 1,
        "twx-dt-model": 2,
        "twx-tml-text": 1,
        "twx-workorderscoe": 1,
        "twx-wayfinderpointscoe": 1,
        "twx-dt-wayfinder": 1,
        "twx-mapper": 1,
        "octodynamic-dt-target": 1,
        "twx-dt-image": 1,
        "twx-dt-3dleaderline": 1,
        "twx-textarea": 5
      }
    },
    {
      "timestamp": "2023-05-08T19:53:26.326Z",
      "action": "PUBLISH",
      "usage": {
        "twx-view": 2,
        "twx-dt-view": 2,
        "twx-overlay": 2,
        "twx-overlay-body": 2,
        "twx-overlay-container": 6,
        "twx-image2": 1,
        "twx-popup": 2,
        "twx-gridlayout": 3,
        "twx-row": 23,
        "twx-col": 26,
        "twx-label": 10,
        "twx-button": 3,
        "twx-barcode-scanner": 1,
        "twx-dt-model": 2,
        "twx-tml-text": 1,
        "twx-workorderscoe": 1,
        "twx-wayfinderpointscoe": 1,
        "twx-dt-wayfinder": 1,
        "twx-mapper": 1,
        "octodynamic-dt-target": 1,
        "twx-dt-image": 1,
        "twx-dt-3dleaderline": 1,
        "twx-textarea": 5
      }
    },
    {
      "timestamp": "2023-05-08T21:30:31.600Z",
      "action": "PUBLISH",
      "usage": {
        "twx-view": 2,
        "twx-dt-view": 2,
        "twx-overlay": 2,
        "twx-overlay-body": 2,
        "twx-overlay-container": 6,
        "twx-image2": 1,
        "twx-popup": 2,
        "twx-gridlayout": 3,
        "twx-row": 23,
        "twx-col": 26,
        "twx-label": 10,
        "twx-button": 3,
        "twx-barcode-scanner": 1,
        "twx-dt-model": 2,
        "twx-tml-text": 1,
        "twx-workorderscoe": 1,
        "twx-wayfinderpointscoe": 1,
        "twx-dt-wayfinder": 1,
        "twx-mapper": 1,
        "octodynamic-dt-target": 1,
        "twx-dt-image": 1,
        "twx-dt-3dleaderline": 1,
        "twx-textarea": 5
      }
    },
    {
      "timestamp": "2023-05-08T21:32:21.360Z",
      "action": "PUBLISH",
      "usage": {
        "twx-view": 2,
        "twx-dt-view": 2,
        "twx-overlay": 2,
        "twx-overlay-body": 2,
        "twx-overlay-container": 6,
        "twx-image2": 1,
        "twx-popup": 2,
        "twx-gridlayout": 3,
        "twx-row": 23,
        "twx-col": 26,
        "twx-label": 10,
        "twx-button": 3,
        "twx-barcode-scanner": 1,
        "twx-dt-model": 2,
        "twx-tml-text": 1,
        "twx-workorderscoe": 1,
        "twx-wayfinderpointscoe": 1,
        "twx-dt-wayfinder": 1,
        "twx-mapper": 1,
        "octodynamic-dt-target": 1,
        "twx-dt-image": 1,
        "twx-dt-3dleaderline": 1,
        "twx-textarea": 5
      }
    },
    {
      "timestamp": "2023-05-08T21:33:43.578Z",
      "action": "PUBLISH",
      "usage": {
        "twx-view": 2,
        "twx-dt-view": 2,
        "twx-overlay": 2,
        "twx-overlay-body": 2,
        "twx-overlay-container": 6,
        "twx-image2": 1,
        "twx-popup": 2,
        "twx-gridlayout": 3,
        "twx-row": 23,
        "twx-col": 26,
        "twx-label": 10,
        "twx-button": 3,
        "twx-barcode-scanner": 1,
        "twx-dt-model": 2,
        "twx-tml-text": 1,
        "twx-workorderscoe": 1,
        "twx-wayfinderpointscoe": 1,
        "twx-dt-wayfinder": 1,
        "twx-mapper": 1,
        "octodynamic-dt-target": 1,
        "twx-dt-image": 1,
        "twx-dt-3dleaderline": 1,
        "twx-textarea": 5
      }
    },
    {
      "timestamp": "2023-05-09T17:10:37.943Z",
      "action": "PUBLISH",
      "usage": {
        "twx-view": 2,
        "twx-dt-view": 2,
        "twx-overlay": 2,
        "twx-overlay-body": 2,
        "twx-overlay-container": 6,
        "twx-image2": 1,
        "twx-popup": 2,
        "twx-gridlayout": 3,
        "twx-row": 23,
        "twx-col": 26,
        "twx-label": 10,
        "twx-button": 3,
        "twx-barcode-scanner": 1,
        "twx-dt-model": 2,
        "twx-tml-text": 1,
        "twx-workorderscoe": 1,
        "twx-wayfinderpointscoe": 1,
        "twx-dt-wayfinder": 1,
        "twx-mapper": 1,
        "octodynamic-dt-target": 1,
        "twx-dt-image": 1,
        "twx-dt-3dleaderline": 1,
        "twx-textarea": 5
      }
    },
    {
      "timestamp": "2023-05-09T23:34:41.817Z",
      "action": "PUBLISH",
      "usage": {
        "twx-view": 2,
        "twx-dt-view": 2,
        "twx-overlay": 2,
        "twx-overlay-body": 2,
        "twx-overlay-container": 6,
        "twx-image2": 1,
        "twx-popup": 2,
        "twx-gridlayout": 3,
        "twx-row": 23,
        "twx-col": 26,
        "twx-label": 10,
        "twx-button": 3,
        "twx-barcode-scanner": 1,
        "twx-dt-model": 1,
        "twx-tml-text": 1,
        "twx-workorderscoe": 1,
        "twx-wayfinderpointscoe": 1,
        "twx-dt-wayfinder": 1,
        "twx-mapper": 1,
        "octodynamic-dt-target": 1,
        "twx-dt-image": 1,
        "twx-dt-3dleaderline": 1,
        "twx-textarea": 5
      }
    },
    {
      "timestamp": "2023-05-12T20:29:50.467Z",
      "action": "PUBLISH",
      "usage": {
        "twx-view": 2,
        "twx-dt-view": 2,
        "twx-overlay": 2,
        "twx-overlay-body": 2,
        "twx-overlay-container": 6,
        "twx-image2": 1,
        "twx-popup": 2,
        "twx-gridlayout": 3,
        "twx-row": 23,
        "twx-col": 26,
        "twx-label": 10,
        "twx-button": 3,
        "twx-barcode-scanner": 1,
        "twx-dt-model": 1,
        "twx-tml-text": 1,
        "twx-workorderscoe": 1,
        "twx-wayfinderpointscoe": 1,
        "twx-dt-wayfinder": 1,
        "twx-mapper": 1,
        "octodynamic-dt-target": 1,
        "twx-dt-image": 1,
        "twx-dt-3dleaderline": 1,
        "twx-textarea": 5
      }
    },
    {
      "timestamp": "2023-05-12T20:37:34.486Z",
      "action": "PUBLISH",
      "usage": {
        "twx-view": 2,
        "twx-dt-view": 2,
        "twx-overlay": 2,
        "twx-overlay-body": 2,
        "twx-overlay-container": 6,
        "twx-image2": 1,
        "twx-popup": 2,
        "twx-gridlayout": 3,
        "twx-row": 23,
        "twx-col": 26,
        "twx-label": 10,
        "twx-button": 3,
        "twx-barcode-scanner": 1,
        "twx-dt-model": 1,
        "twx-tml-text": 1,
        "twx-workorderscoe": 1,
        "twx-wayfinderpointscoe": 1,
        "twx-dt-wayfinder": 1,
        "twx-mapper": 1,
        "octodynamic-dt-target": 1,
        "twx-dt-image": 1,
        "twx-dt-3dleaderline": 1,
        "twx-textarea": 5
      }
    },
    {
      "timestamp": "2023-05-12T22:13:17.238Z",
      "action": "PUBLISH",
      "usage": {
        "twx-view": 2,
        "twx-dt-view": 2,
        "twx-overlay": 2,
        "twx-overlay-body": 2,
        "twx-overlay-container": 6,
        "twx-image2": 1,
        "twx-popup": 2,
        "twx-gridlayout": 3,
        "twx-row": 23,
        "twx-col": 26,
        "twx-label": 10,
        "twx-button": 3,
        "twx-barcode-scanner": 1,
        "twx-dt-model": 1,
        "twx-tml-text": 1,
        "twx-workorderscoe": 1,
        "twx-wayfinderpointscoe": 1,
        "twx-dt-wayfinder": 1,
        "twx-mapper": 1,
        "octodynamic-dt-target": 1,
        "twx-dt-image": 1,
        "twx-dt-3dleaderline": 1,
        "twx-textarea": 5
      }
    },
    {
      "timestamp": "2023-05-24T22:07:47.137Z",
      "action": "PUBLISH",
      "usage": {
        "twx-view": 2,
        "twx-dt-view": 2,
        "twx-overlay": 2,
        "twx-overlay-body": 2,
        "twx-overlay-container": 6,
        "twx-image2": 1,
        "twx-popup": 2,
        "twx-gridlayout": 3,
        "twx-row": 23,
        "twx-col": 26,
        "twx-label": 10,
        "twx-button": 3,
        "twx-barcode-scanner": 1,
        "twx-dt-model": 2,
        "twx-tml-text": 1,
        "twx-workorderscoe": 1,
        "twx-wayfinderpointscoe": 1,
        "twx-dt-wayfinder": 1,
        "twx-mapper": 1,
        "octodynamic-dt-target": 1,
        "twx-dt-image": 1,
        "twx-dt-3dleaderline": 1,
        "twx-textarea": 5
      }
    },
    {
      "timestamp": "2023-05-31T00:06:31.596Z",
      "action": "PUBLISH",
      "usage": {
        "twx-view": 2,
        "twx-dt-view": 2,
        "twx-overlay": 2,
        "twx-overlay-body": 2,
        "twx-overlay-container": 6,
        "twx-image2": 1,
        "twx-popup": 2,
        "twx-gridlayout": 3,
        "twx-row": 23,
        "twx-col": 26,
        "twx-label": 10,
        "twx-button": 3,
        "twx-barcode-scanner": 1,
        "twx-dt-model": 1,
        "twx-tml-text": 1,
        "twx-workorderscoe": 1,
        "twx-wayfinderpointscoe": 1,
        "twx-dt-wayfinder": 1,
        "twx-mapper": 1,
        "octodynamic-dt-target": 1,
        "twx-dt-image": 1,
        "twx-dt-3dleaderline": 1,
        "twx-textarea": 5
      }
    },
    {
      "timestamp": "2023-05-31T01:52:11.795Z",
      "action": "PUBLISH",
      "usage": {
        "twx-view": 2,
        "twx-dt-view": 2,
        "twx-overlay": 2,
        "twx-overlay-body": 2,
        "twx-overlay-container": 6,
        "twx-image2": 1,
        "twx-popup": 2,
        "twx-gridlayout": 3,
        "twx-row": 23,
        "twx-col": 26,
        "twx-label": 10,
        "twx-button": 3,
        "twx-barcode-scanner": 1,
        "twx-dt-model": 1,
        "twx-tml-text": 1,
        "twx-workorderscoe": 1,
        "twx-wayfinderpointscoe": 1,
        "twx-dt-wayfinder": 1,
        "twx-mapper": 1,
        "octodynamic-dt-target": 1,
        "twx-dt-image": 1,
        "twx-dt-3dleaderline": 1,
        "twx-textarea": 5
      }
    },
    {
      "timestamp": "2023-05-31T01:55:26.353Z",
      "action": "PUBLISH",
      "usage": {
        "twx-view": 2,
        "twx-dt-view": 2,
        "twx-overlay": 2,
        "twx-overlay-body": 2,
        "twx-overlay-container": 6,
        "twx-image2": 1,
        "twx-popup": 2,
        "twx-gridlayout": 3,
        "twx-row": 23,
        "twx-col": 26,
        "twx-label": 10,
        "twx-button": 3,
        "twx-barcode-scanner": 1,
        "twx-dt-model": 1,
        "twx-tml-text": 1,
        "twx-workorderscoe": 1,
        "twx-wayfinderpointscoe": 1,
        "twx-dt-wayfinder": 1,
        "twx-mapper": 1,
        "octodynamic-dt-target": 1,
        "twx-dt-image": 1,
        "twx-dt-3dleaderline": 1,
        "twx-textarea": 5
      }
    },
    {
      "timestamp": "2023-06-01T20:01:22.940Z",
      "action": "PUBLISH",
      "usage": {
        "twx-view": 2,
        "twx-dt-view": 2,
        "twx-overlay": 2,
        "twx-overlay-body": 2,
        "twx-overlay-container": 6,
        "twx-image2": 1,
        "twx-popup": 2,
        "twx-gridlayout": 3,
        "twx-row": 23,
        "twx-col": 26,
        "twx-label": 10,
        "twx-button": 3,
        "twx-barcode-scanner": 1,
        "twx-dt-model": 1,
        "twx-tml-text": 1,
        "twx-workorderscoe": 1,
        "twx-wayfinderpointscoe": 1,
        "twx-dt-wayfinder": 1,
        "twx-mapper": 1,
        "octodynamic-dt-target": 1,
        "twx-dt-image": 1,
        "twx-dt-3dleaderline": 1,
        "twx-textarea": 5
      }
    },
    {
      "timestamp": "2023-06-01T20:09:36.892Z",
      "action": "PUBLISH",
      "usage": {
        "twx-view": 2,
        "twx-dt-view": 2,
        "twx-overlay": 2,
        "twx-overlay-body": 2,
        "twx-overlay-container": 6,
        "twx-image2": 1,
        "twx-popup": 2,
        "twx-gridlayout": 3,
        "twx-row": 23,
        "twx-col": 26,
        "twx-label": 10,
        "twx-button": 3,
        "twx-barcode-scanner": 1,
        "twx-dt-model": 1,
        "twx-tml-text": 1,
        "twx-workorderscoe": 1,
        "twx-wayfinderpointscoe": 1,
        "twx-dt-wayfinder": 1,
        "twx-mapper": 1,
        "octodynamic-dt-target": 1,
        "twx-dt-image": 1,
        "twx-dt-3dleaderline": 1,
        "twx-textarea": 5
      }
    },
    {
      "timestamp": "2023-06-01T20:11:21.204Z",
      "action": "PUBLISH",
      "usage": {
        "twx-view": 2,
        "twx-dt-view": 2,
        "twx-overlay": 2,
        "twx-overlay-body": 2,
        "twx-overlay-container": 6,
        "twx-image2": 1,
        "twx-popup": 2,
        "twx-gridlayout": 3,
        "twx-row": 23,
        "twx-col": 26,
        "twx-label": 10,
        "twx-button": 3,
        "twx-barcode-scanner": 1,
        "twx-dt-model": 1,
        "twx-tml-text": 1,
        "twx-workorderscoe": 1,
        "twx-wayfinderpointscoe": 1,
        "twx-dt-wayfinder": 1,
        "twx-mapper": 1,
        "octodynamic-dt-target": 1,
        "twx-dt-image": 1,
        "twx-dt-3dleaderline": 1,
        "twx-textarea": 5
      }
    },
    {
      "timestamp": "2023-07-10T15:06:41.334Z",
      "action": "PUBLISH",
      "usage": {
        "twx-view": 3,
        "twx-dt-view": 3,
        "twx-octosxslplayer": 1,
        "twx-overlay": 3,
        "twx-overlay-body": 3,
        "twx-overlay-container": 11,
        "twx-image2": 1,
        "twx-popup": 2,
        "twx-gridlayout": 3,
        "twx-row": 23,
        "twx-col": 26,
        "twx-label": 11,
        "twx-button": 4,
        "twx-barcode-scanner": 1,
        "twx-dt-model": 1,
        "twx-tml-text": 1,
        "twx-workorderscoe": 1,
        "twx-wayfinderpointscoe": 1,
        "twx-dt-wayfinder": 1,
        "twx-mapper": 1,
        "octodynamic-dt-target": 1,
        "twx-dt-image": 1,
        "twx-dt-3dleaderline": 1,
        "twx-textarea": 5
      }
    },
    {
      "timestamp": "2023-11-08T00:38:32.649Z",
      "action": "PUBLISH",
      "usage": {
        "twx-view": 3,
        "twx-dt-view": 3,
        "twx-octosxslplayer": 1,
        "twx-dt-model": 2,
        "twx-overlay": 3,
        "twx-overlay-body": 3,
        "twx-overlay-container": 11,
        "twx-image2": 1,
        "twx-popup": 2,
        "twx-gridlayout": 3,
        "twx-row": 23,
        "twx-col": 26,
        "twx-label": 11,
        "twx-button": 4,
        "twx-barcode-scanner": 1,
        "twx-tml-text": 1,
        "twx-workorderscoe": 1,
        "twx-wayfinderpointscoe": 1,
        "twx-dt-wayfinder": 1,
        "twx-mapper": 1,
        "octodynamic-dt-target": 1,
        "twx-dt-image": 1,
        "twx-dt-3dleaderline": 1,
        "twx-textarea": 5
      }
    },
    {
      "timestamp": "2023-11-09T23:47:12.674Z",
      "action": "PUBLISH",
      "usage": {
        "twx-view": 2,
        "twx-dt-view": 2,
        "twx-dt-model": 3,
        "twx-overlay": 2,
        "twx-overlay-body": 2,
        "twx-overlay-container": 6,
        "twx-image2": 1,
        "twx-popup": 2,
        "twx-gridlayout": 3,
        "twx-row": 23,
        "twx-col": 26,
        "twx-label": 10,
        "twx-button": 3,
        "twx-barcode-scanner": 1,
        "twx-tml-text": 1,
        "twx-workorderscoe": 1,
        "twx-wayfinderpointscoe": 1,
        "twx-dt-wayfinder": 1,
        "twx-mapper": 1,
        "octodynamic-dt-target": 1,
        "twx-dt-image": 1,
        "twx-dt-3dleaderline": 1,
        "twx-textarea": 5
      }
    },
    {
      "timestamp": "2023-12-18T19:14:02.698Z",
      "action": "PUBLISH",
      "usage": {
        "twx-view": 2,
        "twx-dt-view": 2,
        "twx-dt-model": 3,
        "twx-overlay": 2,
        "twx-overlay-body": 2,
        "twx-overlay-container": 6,
        "twx-image2": 1,
        "twx-popup": 2,
        "twx-gridlayout": 3,
        "twx-row": 23,
        "twx-col": 26,
        "twx-label": 10,
        "twx-button": 3,
        "twx-barcode-scanner": 1,
        "twx-tml-text": 1,
        "twx-workorderscoe": 1,
        "twx-wayfinderpointscoe": 1,
        "twx-dt-wayfinder": 1,
        "twx-mapper": 1,
        "octodynamic-dt-target": 1,
        "twx-dt-image": 1,
        "twx-dt-3dleaderline": 1,
        "twx-textarea": 5
      }
    },
    {
      "timestamp": "2023-12-19T21:46:25.276Z",
      "action": "PUBLISH",
      "usage": {
        "twx-view": 2,
        "twx-dt-view": 2,
        "twx-dt-model": 3,
        "twx-overlay": 2,
        "twx-overlay-body": 2,
        "twx-overlay-container": 6,
        "twx-image2": 1,
        "twx-popup": 2,
        "twx-gridlayout": 3,
        "twx-row": 23,
        "twx-col": 26,
        "twx-label": 10,
        "twx-button": 3,
        "twx-barcode-scanner": 1,
        "twx-tml-text": 1,
        "twx-workorderscoe": 1,
        "twx-wayfinderpointscoe": 1,
        "twx-dt-wayfinder": 1,
        "twx-mapper": 1,
        "octodynamic-dt-target": 1,
        "twx-dt-image": 1,
        "twx-dt-3dleaderline": 1,
        "twx-textarea": 5
      }
    },
    {
      "timestamp": "2023-12-19T22:48:28.646Z",
      "action": "PUBLISH",
      "usage": {
        "twx-view": 2,
        "twx-dt-view": 2,
        "twx-dt-model": 3,
        "twx-overlay": 2,
        "twx-overlay-body": 2,
        "twx-overlay-container": 6,
        "twx-image2": 1,
        "twx-popup": 2,
        "twx-gridlayout": 3,
        "twx-row": 23,
        "twx-col": 26,
        "twx-label": 10,
        "twx-button": 3,
        "twx-barcode-scanner": 1,
        "twx-tml-text": 1,
        "twx-workorderscoe": 1,
        "twx-wayfinderpointscoe": 1,
        "twx-dt-wayfinder": 1,
        "twx-mapper": 1,
        "octodynamic-dt-target": 1,
        "twx-dt-image": 1,
        "twx-dt-3dleaderline": 1,
        "twx-textarea": 5
      }
    },
    {
      "timestamp": "2023-12-19T22:53:38.142Z",
      "action": "PUBLISH",
      "usage": {
        "twx-view": 2,
        "twx-dt-view": 2,
        "twx-dt-model": 3,
        "twx-overlay": 2,
        "twx-overlay-body": 2,
        "twx-overlay-container": 6,
        "twx-image2": 1,
        "twx-popup": 2,
        "twx-gridlayout": 3,
        "twx-row": 23,
        "twx-col": 26,
        "twx-label": 10,
        "twx-button": 3,
        "twx-barcode-scanner": 1,
        "twx-tml-text": 1,
        "twx-workorderscoe": 1,
        "twx-wayfinderpointscoe": 1,
        "twx-dt-wayfinder": 1,
        "twx-mapper": 1,
        "octodynamic-dt-target": 1,
        "twx-dt-image": 1,
        "twx-dt-3dleaderline": 1,
        "twx-textarea": 5
      }
    },
    {
      "timestamp": "2023-12-21T17:04:55.916Z",
      "action": "PUBLISH",
      "usage": {
        "twx-view": 2,
        "twx-dt-view": 2,
        "twx-dt-model": 3,
        "twx-overlay": 2,
        "twx-overlay-body": 2,
        "twx-overlay-container": 6,
        "twx-image2": 1,
        "twx-popup": 2,
        "twx-gridlayout": 3,
        "twx-row": 23,
        "twx-col": 26,
        "twx-label": 10,
        "twx-button": 3,
        "twx-barcode-scanner": 1,
        "twx-tml-text": 1,
        "twx-workorderscoe": 1,
        "twx-wayfinderpointscoe": 1,
        "twx-dt-wayfinder": 1,
        "twx-mapper": 1,
        "octodynamic-dt-target": 1,
        "twx-dt-image": 1,
        "twx-dt-3dleaderline": 1,
        "twx-textarea": 5
      }
    },
    {
      "timestamp": "2023-12-28T16:03:18.307Z",
      "action": "PUBLISH",
      "usage": {
        "twx-view": 2,
        "twx-dt-view": 2,
        "twx-dt-model": 3,
        "twx-overlay": 2,
        "twx-overlay-body": 2,
        "twx-overlay-container": 6,
        "twx-popup": 3,
        "twx-gridlayout": 5,
        "twx-row": 26,
        "twx-col": 34,
        "twx-label": 10,
        "twx-button": 8,
        "twx-barcode-scanner": 1,
        "twx-image2": 1,
        "twx-tml-text": 1,
        "twx-workorderscoe": 1,
        "twx-wayfinderpointscoe": 1,
        "twx-dt-wayfinder": 1,
        "twx-mapper": 1,
        "octodynamic-dt-target": 1,
        "twx-dt-image": 1,
        "twx-dt-3dleaderline": 1,
        "twx-textarea": 5
      }
    },
    {
      "timestamp": "2024-01-04T19:52:17.763Z",
      "action": "PUBLISH",
      "usage": {
        "twx-view": 2,
        "twx-dt-view": 2,
        "twx-dt-model": 3,
        "twx-workorderscoe": 2,
        "twx-overlay": 2,
        "twx-overlay-body": 2,
        "twx-overlay-container": 6,
        "twx-popup": 3,
        "twx-gridlayout": 5,
        "twx-row": 26,
        "twx-col": 33,
        "twx-label": 10,
        "twx-textarea": 6,
        "twx-button": 8,
        "twx-barcode-scanner": 1,
        "twx-image2": 1,
        "twx-tml-text": 1,
        "twx-wayfinderpointscoe": 1,
        "twx-dt-wayfinder": 1,
        "twx-mapper": 1,
        "octodynamic-dt-target": 1,
        "twx-dt-image": 1,
        "twx-dt-3dleaderline": 1
      }
    },
    {
      "timestamp": "2024-01-04T19:53:31.447Z",
      "action": "PUBLISH",
      "usage": {
        "twx-view": 2,
        "twx-dt-view": 2,
        "twx-dt-model": 3,
        "twx-workorderscoe": 2,
        "twx-overlay": 2,
        "twx-overlay-body": 2,
        "twx-overlay-container": 6,
        "twx-popup": 3,
        "twx-gridlayout": 5,
        "twx-row": 26,
        "twx-col": 33,
        "twx-label": 10,
        "twx-textarea": 6,
        "twx-button": 8,
        "twx-barcode-scanner": 1,
        "twx-image2": 1,
        "twx-tml-text": 1,
        "twx-wayfinderpointscoe": 1,
        "twx-dt-wayfinder": 1,
        "twx-mapper": 1,
        "octodynamic-dt-target": 1,
        "twx-dt-image": 1,
        "twx-dt-3dleaderline": 1
      }
    },
    {
      "timestamp": "2024-01-04T21:10:48.965Z",
      "action": "PUBLISH",
      "usage": {
        "twx-view": 2,
        "twx-dt-view": 2,
        "twx-dt-model": 3,
        "twx-workorderscoe": 2,
        "twx-overlay": 2,
        "twx-overlay-body": 2,
        "twx-overlay-container": 6,
        "twx-popup": 3,
        "twx-gridlayout": 5,
        "twx-row": 26,
        "twx-col": 33,
        "twx-label": 10,
        "twx-textarea": 6,
        "twx-button": 8,
        "twx-barcode-scanner": 1,
        "twx-image2": 1,
        "twx-tml-text": 1,
        "twx-wayfinderpointscoe": 1,
        "twx-dt-wayfinder": 1,
        "twx-mapper": 1,
        "octodynamic-dt-target": 1,
        "twx-dt-image": 1,
        "twx-dt-3dleaderline": 1
      }
    },
    {
      "timestamp": "2024-01-11T15:56:41.878Z",
      "action": "PUBLISH",
      "usage": {
        "twx-view": 2,
        "twx-dt-view": 2,
        "twx-dt-model": 3,
        "twx-workorderscoe": 2,
        "twx-overlay": 2,
        "twx-overlay-body": 2,
        "twx-overlay-container": 6,
        "twx-popup": 3,
        "twx-gridlayout": 5,
        "twx-row": 26,
        "twx-col": 33,
        "twx-label": 10,
        "twx-textarea": 6,
        "twx-button": 8,
        "twx-barcode-scanner": 1,
        "twx-image2": 1,
        "twx-tml-text": 1,
        "twx-wayfinderpointscoe": 1,
        "twx-dt-wayfinder": 1,
        "twx-mapper": 1,
        "octodynamic-dt-target": 1,
        "twx-dt-image": 1,
        "twx-dt-3dleaderline": 1
      }
    }
  ],
  "accessType": "private",
  "designedfor": [
    "offline"
  ]
}
