<?xml version="1.0" encoding="UTF-8"?>
<Entities>
    <ExtensionPackages>
        <ExtensionPackage
         dependsOn=""
         description="Resource to read the structure and attributes from a CreoView file"
         haCompatible="true"
         minimumThingWorxVersion="8.5.0"
         name="CreoViewRWHelper"
         packageVersion="1.5.0"
         vendor="PTC">
            <JarResources>
                <FileResource
                 description=""
                 file="creoviewrwextension.jar"
                 type="JAR"></FileResource>
                <FileResource
                 description=""
                 file="vecmath.jar"
                 type="JAR"></FileResource>
                <FileResource
                 description=""
                 file="j3dcore.jar"
                 type="JAR"></FileResource>
            </JarResources>
        </ExtensionPackage>
    </ExtensionPackages>
    <Resources>
        <Resource
         aspect.isCreatable="false"
         aspect.isEditableExtensionObject="false"
         className="com.ptc.octo.creoview.CreoViewRWResource"
         description="Resource to read and write the structure and attributes of a CreoView file"
         name="CreoViewRWHelper"></Resource>
    </Resources>
</Entities>
