{
  "name": "AutoAR-WorkPackage-04",
  "projectType": "AR",
  "viewType": "ar",
  "fileName": "AutoAR-WorkPackage-04",
  "thingworxServer": "http://pp-2309291349ae.portal.ptc.io",
  "viewTemplateFileName": "home-ar.json",
  "state": {
    "orientation": "portrait"
  },
  "targets": {
    "phone": {
      "components": [
        {
          "name": "Home",
          "fileName": "Home",
          "showInMainMenu": true,
          "viewType": "ar",
          "title": "Home"
        },
        {
          "name": "VIN_OCTO",
          "fileName": "VIN_OCTO",
          "showInMainMenu": true,
          "viewType": "ar",
          "title": "VIN_OCTO"
        }
      ],
      "images": []
    },
    "shared": {
      "components": [
        {
          "name": "Data",
          "fileName": "Data"
        }
      ],
      "images": [],
      "fragments": [],
      "styles": [
        {
          "name": "App",
          "fileName": "App",
          "fileExt": "scss"
        }
      ]
    }
  },
  "device": {
    "name": "ipad",
    "width": "768",
    "height": "1024"
  },
  "mainNavigationMenuStyle": "noMenu",
  "resourceDirectory": "src/phone/resources",
  "resourceRuntimeDir": "app/resources",
  "fontRuntimeDir": "../fonts",
  "fontDesigntimeDir": "../dist/fonts",
  "theme": "twx-light",
  "version": "9.16.1.0",
  "designedForOffline": true
}
